1,10,13,234,2,3,3,32,2,23,4,45,53,3,4,33,3,53,555,55,33,33,33,44,44,5,6,672,2,3,23,4,34,10,13,234,2,3,3,32,2,23,4,45,53,3,4,33,3,53,555,55,33,33,33,44,44,5,6,672,2,3,23,4,34
2,10,13,234,2,3,3,32,2,23,4,45,53,3,4,33,3,53,555,55,33,33,33,44,44,5,6,672,2,3,23,4,34,10,13,234,2,3,3,32,2,23,4,45,53,3,4,33,3,53,555,55,33,33,33,44,44,5,6,672,2,3,23,4,34
3,10,13,234,2,3,3,32,2,23,4,45,53,3,4,33,3,53,555,55,33,33,33,44,44,5,6,672,2,3,23,4,34,10,13,234,2,3,3,32,2,23,4,45,53,3,4,33,3,53,555,55,33,33,33,44,44,5,6,672,2,3,23,4,34
4,10,13,234,2,3,3,32,2,23,4,45,53,3,4,33,3,53,555,55,33,33,33,44,44,5,6,672,2,3,23,4,34,10,13,234,2,3,3,32,2,23,4,45,53,3,4,33,3,53,555,55,33,33,33,44,44,5,6,672,2,3,23,4,34
5,10,13,234,2,3,3,32,2,23,4,45,53,3,4,33,3,53,555,55,33,33,33,44,44,5,6,672,2,3,23,4,34,10,13,234,2,3,3,32,2,23,4,45,53,3,4,33,3,53,555,55,33,33,33,44,44,5,6,672,2,3,23,4,34
6,10,13,234,2,3,3,32,2,23,4,45,53,3,4,33,3,53,555,55,33,33,33,44,44,5,6,672,2,3,23,4,34,10,13,234,2,3,3,32,2,23,4,45,53,3,4,33,3,53,555,55,33,33,33,44,44,5,6,672,2,3,23,4,34
7,10,13,234,2,3,3,32,2,23,4,45,53,3,4,33,3,53,555,55,33,33,33,44,44,5,6,672,2,3,23,4,34,10,13,234,2,3,3,32,2,23,4,45,53,3,4,33,3,53,555,55,33,33,33,44,44,5,6,672,2,3,23,4,34
8,10,13,234,2,3,3,32,2,23,4,45,53,3,4,33,3,53,555,55,33,33,33,44,44,5,6,672,2,3,23,4,34,10,13,234,2,3,3,32,2,23,4,45,53,3,4,33,3,53,555,55,33,33,33,44,44,5,6,672,2,3,23,4,34
10,13,234,2,3,3,32,2,23,4,45,53,3,4,33,3,53,555,55,33,33,33,44,44,5,6,672,2,3,23,4,34,10,13,234,2,3,3,32,2,23,4,45,53,3,4,33,3,53,555,55,33,33,33,44,44,5,6,672,2,3,23,4,34
10,13,234,2,3,3,32,2,23,4,45,53,3,4,33,3,53,555,55,33,33,33,44,44,5,6,672,2,3,23,4,34,10,13,234,2,3,3,32,2,23,4,45,53,3,4,33,3,53,555,55,33,33,33,44,44,5,6,672,2,3,23,4,34
10,13,234,2,3,3,32,2,23,4,45,53,3,4,33,3,53,555,55,33,33,33,44,44,5,6,672,2,3,23,4,34,10,13,234,2,3,3,32,2,23,4,45,53,3,4,33,3,53,555,55,33,33,33,44,44,5,6,672,2,3,23,4,34
10,13,234,2,3,3,32,2,23,4,45,53,3,4,33,3,53,555,55,33,33,33,44,44,5,6,672,2,3,23,4,34,10,13,234,2,3,3,32,2,23,4,45,53,3,4,33,3,53,555,55,33,33,33,44,44,5,6,672,2,3,23,4,34
10,13,234,2,3,3,32,2,23,4,45,53,3,4,33,3,53,555,55,33,33,33,44,44,5,6,672,2,3,23,4,34,10,13,234,2,3,3,32,2,23,4,45,53,3,4,33,3,53,555,55,33,33,33,44,44,5,6,672,2,3,23,4,34
10,13,234,2,3,3,32,2,23,4,45,53,3,4,33,3,53,555,55,33,33,33,44,44,5,6,672,2,3,23,4,34,10,13,234,2,3,3,32,2,23,4,45,53,3,4,33,3,53,555,55,33,33,33,44,44,5,6,672,2,3,23,4,34
10,13,234,2,3,3,32,2,23,4,45,53,3,4,33,3,53,555,55,33,33,33,44,44,5,6,672,2,3,23,4,34,10,13,234,2,3,3,32,2,23,4,45,53,3,4,33,3,53,555,55,33,33,33,44,44,5,6,672,2,3,23,4,34
10,13,234,2,3,3,32,2,23,4,45,53,3,4,33,3,53,555,55,33,33,33,44,44,5,6,672,2,3,23,4,34,10,13,234,2,3,3,32,2,23,4,45,53,3,4,33,3,53,555,55,33,33,33,44,44,5,6,672,2,3,23,4,34
10,13,234,2,3,3,32,2,23,4,45,53,3,4,33,3,53,555,55,33,33,33,44,44,5,6,672,2,3,23,4,34,10,13,234,2,3,3,32,2,23,4,45,53,3,4,33,3,53,555,55,33,33,33,44,44,5,6,672,2,3,23,4,34
10,13,234,2,3,3,32,2,23,4,45,53,3,4,33,3,53,555,55,33,33,33,44,44,5,6,672,2,3,23,4,34,10,13,234,2,3,3,32,2,23,4,45,53,3,4,33,3,53,555,55,33,33,33,44,44,5,6,672,2,3,23,4,34
10,13,234,2,3,3,32,2,23,4,45,53,3,4,33,3,53,555,55,33,33,33,44,44,5,6,672,2,3,23,4,34,10,13,234,2,3,3,32,2,23,4,45,53,3,4,33,3,53,555,55,33,33,33,44,44,5,6,672,2,3,23,4,34
10,13,234,2,3,3,32,2,23,4,45,53,3,4,33,3,53,555,55,33,33,33,44,44,5,6,672,2,3,23,4,34,10,13,234,2,3,3,32,2,23,4,45,53,3,4,33,3,53,555,55,33,33,33,44,44,5,6,672,2,3,23,4,34
10,13,234,2,3,3,32,2,23,4,45,53,3,4,33,3,53,555,55,33,33,33,44,44,5,6,672,2,3,23,4,34,10,13,234,2,3,3,32,2,23,4,45,53,3,4,33,3,53,555,55,33,33,33,44,44,5,6,672,2,3,23,4,34
